{"parameters": [-0.04642006890091773, -0.2063202871196847, -0.46934978723234383, -1.0251907647833802, -4.569066695106501], "covariance": [[0.0023989902150442577, 0.013509569760204473, 0.022544228243129398, 0.010652645354093798, 0.0001924392321899513], [0.01350956976020448, 0.07659937184236153, 0.12931719036067166, 0.0625267025583958, 0.0012712457628598253], [0.02254422824312942, 0.12931719036067174, 0.22279223903369583, 0.11226744860655834, 0.0028227097147373982], [0.010652645354093824, 0.06252670255839592, 0.11226744860655843, 0.06167519891954826, 0.0024274966464087415], [0.00019243923218994864, 0.0012712457628598097, 0.0028227097147373705, 0.002427496646408727, 0.0006446764502498557]], "energies": [75.0, 186.0, 294.0, 782.0, 1435.795, 1460.0], "efficiencies": [0.020854207036286168, 0.03074284104982467, 0.027689249055374805, 0.017071938317031438, 0.010821879370945617, 0.01012969142967445], "uncertainties": [0.002390408591292145, 0.003081327241558653, 0.002774498038087592, 0.0002977235331933983, 0.00015055488873086048, 5.944443728609637e-05]}