{"parameters": [-0.15943013880682566, -0.7649444969149255, -1.5632929031583152, -2.0686678219784294, -4.913066219914235], "covariance": [[0.13889692022633482, 0.7441991032422698, 1.1846800883517692, 0.5338866341147633, 0.008508129292099232], [0.7441991032422698, 4.012329689187431, 6.454362688935332, 2.9696015103529687, 0.05312612609698528], [1.1846800883517696, 6.454362688935334, 10.573461913434222, 5.049627919118259, 0.1114380864473264], [0.5338866341147638, 2.969601510352972, 5.0496279191182625, 2.6103079999216003, 0.0904648425083713], [0.008508129292099483, 0.0531261260969866, 0.11143808644732844, 0.09046484250837213, 0.022822416136122386]], "energies": [88.34, 201.83, 306.78, 788.742, 1435.795, 1460.83], "efficiencies": [0.012288762988894395, 0.031256716430795375, 0.029622569166312247, 0.016767022759679527, 0.008847326142475943, 0.0063788643723635035], "uncertainties": [0.014663163771726459, 0.0035034996186327754, 0.00329773587544629, 0.0037990193231848884, 0.0010870245581936896, 0.00036465679716208454]}