{"parameters": [-0.12458518688018201, -0.5953736381187008, -1.336178230717291, -1.9996420782138733, -4.921338798605444], "covariance": [[0.15687528733701364, 0.8405258227960064, 1.3380212387700794, 0.6029911894060157, 0.009609393967992735], [0.8405258227960066, 4.531672637927378, 7.289794473153242, 3.3539771036958426, 0.06000259964714526], [1.338021238770083, 7.289794473153255, 11.942056548944175, 5.7032353882731, 0.12586227112346457], [0.6029911894060207, 3.353977103695867, 5.703235388273127, 2.9481778059518766, 0.10217431847548032], [0.009609393967993814, 0.060002599647150975, 0.1258622711234735, 0.10217431847548412, 0.02577647570066378]], "energies": [88.34, 201.83, 306.78, 788.742, 1435.795, 1460.83], "efficiencies": [0.012288762988894395, 0.03016077964212707, 0.029622569166312247, 0.016767022759679527, 0.008847326142475943, 0.006270165906479116], "uncertainties": [0.014663163771726459, 0.003406084650095756, 0.00329773587544629, 0.0037990193231848884, 0.0010870245581936896, 0.0003646492561294548]}