{"parameters": [-0.09752123829464375, -0.4168107920002953, -0.7321254626212427, -1.1110891446850517, -4.563371888123483], "covariance": [[0.003262316376981314, 0.01837126737670896, 0.03065723425745982, 0.0144862197348283, 0.0002616924632747641], [0.01837126737670897, 0.10416523738226555, 0.175854651383414, 0.08502822749159522, 0.0017287297986203762], [0.03065723425745985, 0.17585465138341413, 0.3029686263437106, 0.15266920802523012, 0.0038385200873702545], [0.014486219734828335, 0.08502822749159537, 0.15266920802523026, 0.08387029268692146, 0.003301081436257696], [0.0002616924632747605, 0.001728729798620355, 0.0038385200873702163, 0.0033010814362576754, 0.0008766765818031835]], "energies": [75.0, 186.0, 294.0, 782.0, 1435.795, 1460.0], "efficiencies": [0.012423484819179048, 0.03034830220454708, 0.027635038784606793, 0.017071938317031438, 0.010944802324977939, 0.010147734704356353], "uncertainties": [0.0016515391015027425, 0.0030419647069630474, 0.002769087921520977, 0.0002977235331933983, 0.0001520714244794491, 5.954052736892109e-05]}